source,query,name,repo_url,market_url,demo_url,article_url,source_url,license,description,harmony_pc_evidence,open_source_evidence,risk,decision
AppGallery,鸿蒙 PC 开源软件,AppGallery search: 鸿蒙 PC 开源软件,,https://appgallery.huawei.com/search/%E9%B8%BF%E8%92%99+PC+%E5%BC%80%E6%BA%90%E8%BD%AF%E4%BB%B6,,,https://appgallery.huawei.com/search/%E9%B8%BF%E8%92%99+PC+%E5%BC%80%E6%BA%90%E8%BD%AF%E4%BB%B6,,,文本明确命中鸿蒙 PC 关键词: 鸿蒙 pc; 应用市场可安装线索: https://appgallery.huawei.com/search/%E9%B8%BF%E8%92%99+PC+%E5%BC%80%E6%BA%90%E8%BD%AF%E4%BB%B6,AppGallery 来源页面可访问: https://appgallery.huawei.com/search/%E9%B8%BF%E8%92%99+PC+%E5%BC%80%E6%BA%90%E8%BD%AF%E4%BB%B6,AppGallery 搜索页为动态渲染页面，需人工或浏览器复核; License 不明确; 应用市场页面缺少源码仓库线索,filtered: missing source repository link
AppGallery,鸿蒙 PC 应用 开源,AppGallery search: 鸿蒙 PC 应用 开源,,https://appgallery.huawei.com/search/%E9%B8%BF%E8%92%99+PC+%E5%BA%94%E7%94%A8+%E5%BC%80%E6%BA%90,,,https://appgallery.huawei.com/search/%E9%B8%BF%E8%92%99+PC+%E5%BA%94%E7%94%A8+%E5%BC%80%E6%BA%90,,,文本明确命中鸿蒙 PC 关键词: 鸿蒙 pc; 应用市场可安装线索: https://appgallery.huawei.com/search/%E9%B8%BF%E8%92%99+PC+%E5%BA%94%E7%94%A8+%E5%BC%80%E6%BA%90,AppGallery 来源页面可访问: https://appgallery.huawei.com/search/%E9%B8%BF%E8%92%99+PC+%E5%BA%94%E7%94%A8+%E5%BC%80%E6%BA%90,AppGallery 搜索页为动态渲染页面，需人工或浏览器复核; License 不明确; 应用市场页面缺少源码仓库线索,filtered: missing source repository link
AppGallery,鸿蒙 PC HAP,AppGallery search: 鸿蒙 PC HAP,,https://appgallery.huawei.com/search/%E9%B8%BF%E8%92%99+PC+HAP,,,https://appgallery.huawei.com/search/%E9%B8%BF%E8%92%99+PC+HAP,,,文本明确命中鸿蒙 PC 关键词: 鸿蒙 pc; 发现 HAP 安装包或 HAP 安装线索; 应用市场可安装线索: https://appgallery.huawei.com/search/%E9%B8%BF%E8%92%99+PC+HAP,AppGallery 来源页面可访问: https://appgallery.huawei.com/search/%E9%B8%BF%E8%92%99+PC+HAP,AppGallery 搜索页为动态渲染页面，需人工或浏览器复核; License 不明确; 应用市场页面缺少源码仓库线索,filtered: missing source repository link
AppGallery,鸿蒙 PC DevEco,AppGallery search: 鸿蒙 PC DevEco,,https://appgallery.huawei.com/search/%E9%B8%BF%E8%92%99+PC+DevEco,,,https://appgallery.huawei.com/search/%E9%B8%BF%E8%92%99+PC+DevEco,,,文本明确命中鸿蒙 PC 关键词: 鸿蒙 pc; 发现鸿蒙相关构建/工程线索: DevEco; 应用市场可安装线索: https://appgallery.huawei.com/search/%E9%B8%BF%E8%92%99+PC+DevEco,AppGallery 来源页面可访问: https://appgallery.huawei.com/search/%E9%B8%BF%E8%92%99+PC+DevEco,AppGallery 搜索页为动态渲染页面，需人工或浏览器复核; License 不明确; 应用市场页面缺少源码仓库线索,filtered: missing source repository link
AppGallery,鸿蒙 PC ArkTS,AppGallery search: 鸿蒙 PC ArkTS,,https://appgallery.huawei.com/search/%E9%B8%BF%E8%92%99+PC+ArkTS,,,https://appgallery.huawei.com/search/%E9%B8%BF%E8%92%99+PC+ArkTS,,,文本明确命中鸿蒙 PC 关键词: 鸿蒙 pc; 发现鸿蒙相关构建/工程线索: ArkTS; 应用市场可安装线索: https://appgallery.huawei.com/search/%E9%B8%BF%E8%92%99+PC+ArkTS,AppGallery 来源页面可访问: https://appgallery.huawei.com/search/%E9%B8%BF%E8%92%99+PC+ArkTS,AppGallery 搜索页为动态渲染页面，需人工或浏览器复核; License 不明确; 应用市场页面缺少源码仓库线索,filtered: missing source repository link
AppGallery,鸿蒙 PC Qt,AppGallery search: 鸿蒙 PC Qt,,https://appgallery.huawei.com/search/%E9%B8%BF%E8%92%99+PC+Qt,,,https://appgallery.huawei.com/search/%E9%B8%BF%E8%92%99+PC+Qt,,,文本明确命中鸿蒙 PC 关键词: 鸿蒙 pc; 应用市场可安装线索: https://appgallery.huawei.com/search/%E9%B8%BF%E8%92%99+PC+Qt,AppGallery 来源页面可访问: https://appgallery.huawei.com/search/%E9%B8%BF%E8%92%99+PC+Qt,AppGallery 搜索页为动态渲染页面，需人工或浏览器复核; License 不明确; 应用市场页面缺少源码仓库线索,filtered: missing source repository link
AppGallery,鸿蒙 PC Electron,AppGallery search: 鸿蒙 PC Electron,,https://appgallery.huawei.com/search/%E9%B8%BF%E8%92%99+PC+Electron,,,https://appgallery.huawei.com/search/%E9%B8%BF%E8%92%99+PC+Electron,,,文本明确命中鸿蒙 PC 关键词: 鸿蒙 pc; 应用市场可安装线索: https://appgallery.huawei.com/search/%E9%B8%BF%E8%92%99+PC+Electron,AppGallery 来源页面可访问: https://appgallery.huawei.com/search/%E9%B8%BF%E8%92%99+PC+Electron,AppGallery 搜索页为动态渲染页面，需人工或浏览器复核; License 不明确; 应用市场页面缺少源码仓库线索,filtered: missing source repository link
AppGallery,鸿蒙 PC 终端,AppGallery search: 鸿蒙 PC 终端,,https://appgallery.huawei.com/search/%E9%B8%BF%E8%92%99+PC+%E7%BB%88%E7%AB%AF,,,https://appgallery.huawei.com/search/%E9%B8%BF%E8%92%99+PC+%E7%BB%88%E7%AB%AF,,,文本明确命中鸿蒙 PC 关键词: 鸿蒙 pc; 应用市场可安装线索: https://appgallery.huawei.com/search/%E9%B8%BF%E8%92%99+PC+%E7%BB%88%E7%AB%AF,AppGallery 来源页面可访问: https://appgallery.huawei.com/search/%E9%B8%BF%E8%92%99+PC+%E7%BB%88%E7%AB%AF,AppGallery 搜索页为动态渲染页面，需人工或浏览器复核; License 不明确; 应用市场页面缺少源码仓库线索,filtered: missing source repository link
AppGallery,鸿蒙 PC Linux,AppGallery search: 鸿蒙 PC Linux,,https://appgallery.huawei.com/search/%E9%B8%BF%E8%92%99+PC+Linux,,,https://appgallery.huawei.com/search/%E9%B8%BF%E8%92%99+PC+Linux,,,文本明确命中鸿蒙 PC 关键词: 鸿蒙 pc; 应用市场可安装线索: https://appgallery.huawei.com/search/%E9%B8%BF%E8%92%99+PC+Linux,AppGallery 来源页面可访问: https://appgallery.huawei.com/search/%E9%B8%BF%E8%92%99+PC+Linux,AppGallery 搜索页为动态渲染页面，需人工或浏览器复核; License 不明确; 应用市场页面缺少源码仓库线索,filtered: missing source repository link
AppGallery,鸿蒙 PC 移植,AppGallery search: 鸿蒙 PC 移植,,https://appgallery.huawei.com/search/%E9%B8%BF%E8%92%99+PC+%E7%A7%BB%E6%A4%8D,,,https://appgallery.huawei.com/search/%E9%B8%BF%E8%92%99+PC+%E7%A7%BB%E6%A4%8D,,,文本明确命中鸿蒙 PC 关键词: 鸿蒙 pc; 应用市场可安装线索: https://appgallery.huawei.com/search/%E9%B8%BF%E8%92%99+PC+%E7%A7%BB%E6%A4%8D,AppGallery 来源页面可访问: https://appgallery.huawei.com/search/%E9%B8%BF%E8%92%99+PC+%E7%A7%BB%E6%A4%8D,AppGallery 搜索页为动态渲染页面，需人工或浏览器复核; License 不明确; 应用市场页面缺少源码仓库线索,filtered: missing source repository link
AppGallery,鸿蒙电脑 开源软件,AppGallery search: 鸿蒙电脑 开源软件,,https://appgallery.huawei.com/search/%E9%B8%BF%E8%92%99%E7%94%B5%E8%84%91+%E5%BC%80%E6%BA%90%E8%BD%AF%E4%BB%B6,,,https://appgallery.huawei.com/search/%E9%B8%BF%E8%92%99%E7%94%B5%E8%84%91+%E5%BC%80%E6%BA%90%E8%BD%AF%E4%BB%B6,,,文本明确命中鸿蒙 PC 关键词: 鸿蒙电脑; 应用市场可安装线索: https://appgallery.huawei.com/search/%E9%B8%BF%E8%92%99%E7%94%B5%E8%84%91+%E5%BC%80%E6%BA%90%E8%BD%AF%E4%BB%B6,AppGallery 来源页面可访问: https://appgallery.huawei.com/search/%E9%B8%BF%E8%92%99%E7%94%B5%E8%84%91+%E5%BC%80%E6%BA%90%E8%BD%AF%E4%BB%B6,AppGallery 搜索页为动态渲染页面，需人工或浏览器复核; License 不明确; 应用市场页面缺少源码仓库线索,filtered: missing source repository link
AppGallery,鸿蒙电脑 应用,AppGallery search: 鸿蒙电脑 应用,,https://appgallery.huawei.com/search/%E9%B8%BF%E8%92%99%E7%94%B5%E8%84%91+%E5%BA%94%E7%94%A8,,,https://appgallery.huawei.com/search/%E9%B8%BF%E8%92%99%E7%94%B5%E8%84%91+%E5%BA%94%E7%94%A8,,,文本明确命中鸿蒙 PC 关键词: 鸿蒙电脑; 应用市场可安装线索: https://appgallery.huawei.com/search/%E9%B8%BF%E8%92%99%E7%94%B5%E8%84%91+%E5%BA%94%E7%94%A8,AppGallery 来源页面可访问: https://appgallery.huawei.com/search/%E9%B8%BF%E8%92%99%E7%94%B5%E8%84%91+%E5%BA%94%E7%94%A8,AppGallery 搜索页为动态渲染页面，需人工或浏览器复核; License 不明确; 应用市场页面缺少源码仓库线索,filtered: missing source repository link
AppGallery,鸿蒙 PC Markdown,AppGallery search: 鸿蒙 PC Markdown,,https://appgallery.huawei.com/search/%E9%B8%BF%E8%92%99+PC+Markdown,,,https://appgallery.huawei.com/search/%E9%B8%BF%E8%92%99+PC+Markdown,,,文本明确命中鸿蒙 PC 关键词: 鸿蒙 pc; 应用市场可安装线索: https://appgallery.huawei.com/search/%E9%B8%BF%E8%92%99+PC+Markdown,AppGallery 来源页面可访问: https://appgallery.huawei.com/search/%E9%B8%BF%E8%92%99+PC+Markdown,AppGallery 搜索页为动态渲染页面，需人工或浏览器复核; License 不明确; 应用市场页面缺少源码仓库线索,filtered: missing source repository link
AppGallery,鸿蒙 PC 笔记,AppGallery search: 鸿蒙 PC 笔记,,https://appgallery.huawei.com/search/%E9%B8%BF%E8%92%99+PC+%E7%AC%94%E8%AE%B0,,,https://appgallery.huawei.com/search/%E9%B8%BF%E8%92%99+PC+%E7%AC%94%E8%AE%B0,,,文本明确命中鸿蒙 PC 关键词: 鸿蒙 pc; 应用市场可安装线索: https://appgallery.huawei.com/search/%E9%B8%BF%E8%92%99+PC+%E7%AC%94%E8%AE%B0,AppGallery 来源页面可访问: https://appgallery.huawei.com/search/%E9%B8%BF%E8%92%99+PC+%E7%AC%94%E8%AE%B0,AppGallery 搜索页为动态渲染页面，需人工或浏览器复核; License 不明确; 应用市场页面缺少源码仓库线索,filtered: missing source repository link
AppGallery,鸿蒙 PC 编辑器,AppGallery search: 鸿蒙 PC 编辑器,,https://appgallery.huawei.com/search/%E9%B8%BF%E8%92%99+PC+%E7%BC%96%E8%BE%91%E5%99%A8,,,https://appgallery.huawei.com/search/%E9%B8%BF%E8%92%99+PC+%E7%BC%96%E8%BE%91%E5%99%A8,,,文本明确命中鸿蒙 PC 关键词: 鸿蒙 pc; 应用市场可安装线索: https://appgallery.huawei.com/search/%E9%B8%BF%E8%92%99+PC+%E7%BC%96%E8%BE%91%E5%99%A8,AppGallery 来源页面可访问: https://appgallery.huawei.com/search/%E9%B8%BF%E8%92%99+PC+%E7%BC%96%E8%BE%91%E5%99%A8,AppGallery 搜索页为动态渲染页面，需人工或浏览器复核; License 不明确; 应用市场页面缺少源码仓库线索,filtered: missing source repository link
AppGallery,鸿蒙 PC 开发工具,AppGallery search: 鸿蒙 PC 开发工具,,https://appgallery.huawei.com/search/%E9%B8%BF%E8%92%99+PC+%E5%BC%80%E5%8F%91%E5%B7%A5%E5%85%B7,,,https://appgallery.huawei.com/search/%E9%B8%BF%E8%92%99+PC+%E5%BC%80%E5%8F%91%E5%B7%A5%E5%85%B7,,,文本明确命中鸿蒙 PC 关键词: 鸿蒙 pc; 应用市场可安装线索: https://appgallery.huawei.com/search/%E9%B8%BF%E8%92%99+PC+%E5%BC%80%E5%8F%91%E5%B7%A5%E5%85%B7,AppGallery 来源页面可访问: https://appgallery.huawei.com/search/%E9%B8%BF%E8%92%99+PC+%E5%BC%80%E5%8F%91%E5%B7%A5%E5%85%B7,AppGallery 搜索页为动态渲染页面，需人工或浏览器复核; License 不明确; 应用市场页面缺少源码仓库线索,filtered: missing source repository link
AppGallery,鸿蒙 PC Shell,AppGallery search: 鸿蒙 PC Shell,,https://appgallery.huawei.com/search/%E9%B8%BF%E8%92%99+PC+Shell,,,https://appgallery.huawei.com/search/%E9%B8%BF%E8%92%99+PC+Shell,,,文本明确命中鸿蒙 PC 关键词: 鸿蒙 pc; 应用市场可安装线索: https://appgallery.huawei.com/search/%E9%B8%BF%E8%92%99+PC+Shell,AppGallery 来源页面可访问: https://appgallery.huawei.com/search/%E9%B8%BF%E8%92%99+PC+Shell,AppGallery 搜索页为动态渲染页面，需人工或浏览器复核; License 不明确; 应用市场页面缺少源码仓库线索,filtered: missing source repository link
AppGallery,鸿蒙 PC 包管理器,AppGallery search: 鸿蒙 PC 包管理器,,https://appgallery.huawei.com/search/%E9%B8%BF%E8%92%99+PC+%E5%8C%85%E7%AE%A1%E7%90%86%E5%99%A8,,,https://appgallery.huawei.com/search/%E9%B8%BF%E8%92%99+PC+%E5%8C%85%E7%AE%A1%E7%90%86%E5%99%A8,,,文本明确命中鸿蒙 PC 关键词: 鸿蒙 pc; 应用市场可安装线索: https://appgallery.huawei.com/search/%E9%B8%BF%E8%92%99+PC+%E5%8C%85%E7%AE%A1%E7%90%86%E5%99%A8,AppGallery 来源页面可访问: https://appgallery.huawei.com/search/%E9%B8%BF%E8%92%99+PC+%E5%8C%85%E7%AE%A1%E7%90%86%E5%99%A8,AppGallery 搜索页为动态渲染页面，需人工或浏览器复核; License 不明确; 应用市场页面缺少源码仓库线索,filtered: missing source repository link
AppGallery,鸿蒙 PC 网络调试,AppGallery search: 鸿蒙 PC 网络调试,,https://appgallery.huawei.com/search/%E9%B8%BF%E8%92%99+PC+%E7%BD%91%E7%BB%9C%E8%B0%83%E8%AF%95,,,https://appgallery.huawei.com/search/%E9%B8%BF%E8%92%99+PC+%E7%BD%91%E7%BB%9C%E8%B0%83%E8%AF%95,,,文本明确命中鸿蒙 PC 关键词: 鸿蒙 pc; 应用市场可安装线索: https://appgallery.huawei.com/search/%E9%B8%BF%E8%92%99+PC+%E7%BD%91%E7%BB%9C%E8%B0%83%E8%AF%95,AppGallery 来源页面可访问: https://appgallery.huawei.com/search/%E9%B8%BF%E8%92%99+PC+%E7%BD%91%E7%BB%9C%E8%B0%83%E8%AF%95,AppGallery 搜索页为动态渲染页面，需人工或浏览器复核; License 不明确; 应用市场页面缺少源码仓库线索,filtered: missing source repository link
AppGallery,鸿蒙 PC SSH,AppGallery search: 鸿蒙 PC SSH,,https://appgallery.huawei.com/search/%E9%B8%BF%E8%92%99+PC+SSH,,,https://appgallery.huawei.com/search/%E9%B8%BF%E8%92%99+PC+SSH,,,文本明确命中鸿蒙 PC 关键词: 鸿蒙 pc; 应用市场可安装线索: https://appgallery.huawei.com/search/%E9%B8%BF%E8%92%99+PC+SSH,AppGallery 来源页面可访问: https://appgallery.huawei.com/search/%E9%B8%BF%E8%92%99+PC+SSH,AppGallery 搜索页为动态渲染页面，需人工或浏览器复核; License 不明确; 应用市场页面缺少源码仓库线索,filtered: missing source repository link
AppGallery,鸿蒙 PC Git,AppGallery search: 鸿蒙 PC Git,,https://appgallery.huawei.com/search/%E9%B8%BF%E8%92%99+PC+Git,,,https://appgallery.huawei.com/search/%E9%B8%BF%E8%92%99+PC+Git,,,文本明确命中鸿蒙 PC 关键词: 鸿蒙 pc; 应用市场可安装线索: https://appgallery.huawei.com/search/%E9%B8%BF%E8%92%99+PC+Git,AppGallery 来源页面可访问: https://appgallery.huawei.com/search/%E9%B8%BF%E8%92%99+PC+Git,AppGallery 搜索页为动态渲染页面，需人工或浏览器复核; License 不明确; 应用市场页面缺少源码仓库线索,filtered: missing source repository link
AppGallery,鸿蒙 PC Rust,AppGallery search: 鸿蒙 PC Rust,,https://appgallery.huawei.com/search/%E9%B8%BF%E8%92%99+PC+Rust,,,https://appgallery.huawei.com/search/%E9%B8%BF%E8%92%99+PC+Rust,,,文本明确命中鸿蒙 PC 关键词: 鸿蒙 pc; 应用市场可安装线索: https://appgallery.huawei.com/search/%E9%B8%BF%E8%92%99+PC+Rust,AppGallery 来源页面可访问: https://appgallery.huawei.com/search/%E9%B8%BF%E8%92%99+PC+Rust,AppGallery 搜索页为动态渲染页面，需人工或浏览器复核; License 不明确; 应用市场页面缺少源码仓库线索,filtered: missing source repository link
AppGallery,鸿蒙 PC Go,AppGallery search: 鸿蒙 PC Go,,https://appgallery.huawei.com/search/%E9%B8%BF%E8%92%99+PC+Go,,,https://appgallery.huawei.com/search/%E9%B8%BF%E8%92%99+PC+Go,,,文本明确命中鸿蒙 PC 关键词: 鸿蒙 pc; 应用市场可安装线索: https://appgallery.huawei.com/search/%E9%B8%BF%E8%92%99+PC+Go,AppGallery 来源页面可访问: https://appgallery.huawei.com/search/%E9%B8%BF%E8%92%99+PC+Go,AppGallery 搜索页为动态渲染页面，需人工或浏览器复核; License 不明确; 应用市场页面缺少源码仓库线索,filtered: missing source repository link
AppGallery,鸿蒙 PC C++,AppGallery search: 鸿蒙 PC C++,,https://appgallery.huawei.com/search/%E9%B8%BF%E8%92%99+PC+C%2B%2B,,,https://appgallery.huawei.com/search/%E9%B8%BF%E8%92%99+PC+C%2B%2B,,,文本明确命中鸿蒙 PC 关键词: 鸿蒙 pc; 应用市场可安装线索: https://appgallery.huawei.com/search/%E9%B8%BF%E8%92%99+PC+C%2B%2B,AppGallery 来源页面可访问: https://appgallery.huawei.com/search/%E9%B8%BF%E8%92%99+PC+C%2B%2B,AppGallery 搜索页为动态渲染页面，需人工或浏览器复核; License 不明确; 应用市场页面缺少源码仓库线索,filtered: missing source repository link
AppGallery,鸿蒙 PC Flutter,AppGallery search: 鸿蒙 PC Flutter,,https://appgallery.huawei.com/search/%E9%B8%BF%E8%92%99+PC+Flutter,,,https://appgallery.huawei.com/search/%E9%B8%BF%E8%92%99+PC+Flutter,,,文本明确命中鸿蒙 PC 关键词: 鸿蒙 pc; 应用市场可安装线索: https://appgallery.huawei.com/search/%E9%B8%BF%E8%92%99+PC+Flutter,AppGallery 来源页面可访问: https://appgallery.huawei.com/search/%E9%B8%BF%E8%92%99+PC+Flutter,AppGallery 搜索页为动态渲染页面，需人工或浏览器复核; License 不明确; 应用市场页面缺少源码仓库线索,filtered: missing source repository link
AppGallery,HarmonyOS PC open source app,AppGallery search: HarmonyOS PC open source app,,https://appgallery.huawei.com/search/HarmonyOS+PC+open+source+app,,,https://appgallery.huawei.com/search/HarmonyOS+PC+open+source+app,,,文本明确命中鸿蒙 PC 关键词: harmonyos pc; 应用市场可安装线索: https://appgallery.huawei.com/search/HarmonyOS+PC+open+source+app,AppGallery 来源页面可访问: https://appgallery.huawei.com/search/HarmonyOS+PC+open+source+app,AppGallery 搜索页为动态渲染页面，需人工或浏览器复核; License 不明确; 应用市场页面缺少源码仓库线索,filtered: missing source repository link
AppGallery,HarmonyOS Computer open source,AppGallery search: HarmonyOS Computer open source,,https://appgallery.huawei.com/search/HarmonyOS+Computer+open+source,,,https://appgallery.huawei.com/search/HarmonyOS+Computer+open+source,,,文本明确命中鸿蒙 PC 关键词: harmonyos computer; 应用市场可安装线索: https://appgallery.huawei.com/search/HarmonyOS+Computer+open+source,AppGallery 来源页面可访问: https://appgallery.huawei.com/search/HarmonyOS+Computer+open+source,AppGallery 搜索页为动态渲染页面，需人工或浏览器复核; License 不明确; 应用市场页面缺少源码仓库线索,filtered: missing source repository link
AppGallery,HarmonyOS Computer app,AppGallery search: HarmonyOS Computer app,,https://appgallery.huawei.com/search/HarmonyOS+Computer+app,,,https://appgallery.huawei.com/search/HarmonyOS+Computer+app,,,文本明确命中鸿蒙 PC 关键词: harmonyos computer; 应用市场可安装线索: https://appgallery.huawei.com/search/HarmonyOS+Computer+app,AppGallery 来源页面可访问: https://appgallery.huawei.com/search/HarmonyOS+Computer+app,AppGallery 搜索页为动态渲染页面，需人工或浏览器复核; License 不明确; 应用市场页面缺少源码仓库线索,filtered: missing source repository link
AppGallery,HarmonyOS NEXT PC app,AppGallery search: HarmonyOS NEXT PC app,,https://appgallery.huawei.com/search/HarmonyOS+NEXT+PC+app,,,https://appgallery.huawei.com/search/HarmonyOS+NEXT+PC+app,,,文本明确命中鸿蒙 PC 关键词: harmonyos next pc; 应用市场可安装线索: https://appgallery.huawei.com/search/HarmonyOS+NEXT+PC+app,AppGallery 来源页面可访问: https://appgallery.huawei.com/search/HarmonyOS+NEXT+PC+app,AppGallery 搜索页为动态渲染页面，需人工或浏览器复核; License 不明确; 应用市场页面缺少源码仓库线索,filtered: missing source repository link
AppGallery,OpenHarmony PC app,AppGallery search: OpenHarmony PC app,,https://appgallery.huawei.com/search/OpenHarmony+PC+app,,,https://appgallery.huawei.com/search/OpenHarmony+PC+app,,,文本明确命中鸿蒙 PC 关键词: openharmony pc; 应用市场可安装线索: https://appgallery.huawei.com/search/OpenHarmony+PC+app,AppGallery 来源页面可访问: https://appgallery.huawei.com/search/OpenHarmony+PC+app,AppGallery 搜索页为动态渲染页面，需人工或浏览器复核; License 不明确; 应用市场页面缺少源码仓库线索,filtered: missing source repository link
AppGallery,OpenHarmony desktop app,AppGallery search: OpenHarmony desktop app,,https://appgallery.huawei.com/search/OpenHarmony+desktop+app,,,https://appgallery.huawei.com/search/OpenHarmony+desktop+app,,,文本明确命中鸿蒙 PC 关键词: openharmony desktop; 应用市场可安装线索: https://appgallery.huawei.com/search/OpenHarmony+desktop+app,AppGallery 来源页面可访问: https://appgallery.huawei.com/search/OpenHarmony+desktop+app,AppGallery 搜索页为动态渲染页面，需人工或浏览器复核; License 不明确; 应用市场页面缺少源码仓库线索,filtered: missing source repository link
AppGallery,OpenHarmony PC software,AppGallery search: OpenHarmony PC software,,https://appgallery.huawei.com/search/OpenHarmony+PC+software,,,https://appgallery.huawei.com/search/OpenHarmony+PC+software,,,文本明确命中鸿蒙 PC 关键词: openharmony pc; 应用市场可安装线索: https://appgallery.huawei.com/search/OpenHarmony+PC+software,AppGallery 来源页面可访问: https://appgallery.huawei.com/search/OpenHarmony+PC+software,AppGallery 搜索页为动态渲染页面，需人工或浏览器复核; License 不明确; 应用市场页面缺少源码仓库线索,filtered: missing source repository link
AppGallery,HarmonyOS HAP PC,AppGallery search: HarmonyOS HAP PC,,https://appgallery.huawei.com/search/HarmonyOS+HAP+PC,,,https://appgallery.huawei.com/search/HarmonyOS+HAP+PC,,,发现 HAP 安装包或 HAP 安装线索; 应用市场可安装线索: https://appgallery.huawei.com/search/HarmonyOS+HAP+PC,AppGallery 来源页面可访问: https://appgallery.huawei.com/search/HarmonyOS+HAP+PC,AppGallery 搜索页为动态渲染页面，需人工或浏览器复核; License 不明确; 缺少明确 PC 运行证据; 应用市场页面缺少源码仓库线索,filtered: missing source repository link
AppGallery,ArkTS desktop app,AppGallery search: ArkTS desktop app,,https://appgallery.huawei.com/search/ArkTS+desktop+app,,,https://appgallery.huawei.com/search/ArkTS+desktop+app,,,发现鸿蒙相关构建/工程线索: ArkTS,AppGallery 来源页面可访问: https://appgallery.huawei.com/search/ArkTS+desktop+app,AppGallery 搜索页为动态渲染页面，需人工或浏览器复核; License 不明确; 缺少明确 PC 运行证据; 应用市场页面缺少源码仓库线索,filtered: missing source repository link
AppGallery,ohos qt,AppGallery search: ohos qt,,https://appgallery.huawei.com/search/ohos+qt,,,https://appgallery.huawei.com/search/ohos+qt,,,,AppGallery 来源页面可访问: https://appgallery.huawei.com/search/ohos+qt,AppGallery 搜索页为动态渲染页面，需人工或浏览器复核; License 不明确; 缺少明确 PC 运行证据; 应用市场页面缺少源码仓库线索,filtered: missing source repository link
AppGallery,ohos electron,AppGallery search: ohos electron,,https://appgallery.huawei.com/search/ohos+electron,,,https://appgallery.huawei.com/search/ohos+electron,,,,AppGallery 来源页面可访问: https://appgallery.huawei.com/search/ohos+electron,AppGallery 搜索页为动态渲染页面，需人工或浏览器复核; License 不明确; 缺少明确 PC 运行证据; 应用市场页面缺少源码仓库线索,filtered: missing source repository link
AppGallery,ohos markdown,AppGallery search: ohos markdown,,https://appgallery.huawei.com/search/ohos+markdown,,,https://appgallery.huawei.com/search/ohos+markdown,,,,AppGallery 来源页面可访问: https://appgallery.huawei.com/search/ohos+markdown,AppGallery 搜索页为动态渲染页面，需人工或浏览器复核; License 不明确; 缺少明确 PC 运行证据; 应用市场页面缺少源码仓库线索,filtered: missing source repository link
AppGallery,ohos terminal,AppGallery search: ohos terminal,,https://appgallery.huawei.com/search/ohos+terminal,,,https://appgallery.huawei.com/search/ohos+terminal,,,,AppGallery 来源页面可访问: https://appgallery.huawei.com/search/ohos+terminal,AppGallery 搜索页为动态渲染页面，需人工或浏览器复核; License 不明确; 缺少明确 PC 运行证据; 应用市场页面缺少源码仓库线索,filtered: missing source repository link
AppGallery,HarmonyOS PC terminal,AppGallery search: HarmonyOS PC terminal,,https://appgallery.huawei.com/search/HarmonyOS+PC+terminal,,,https://appgallery.huawei.com/search/HarmonyOS+PC+terminal,,,文本明确命中鸿蒙 PC 关键词: harmonyos pc; 应用市场可安装线索: https://appgallery.huawei.com/search/HarmonyOS+PC+terminal,AppGallery 来源页面可访问: https://appgallery.huawei.com/search/HarmonyOS+PC+terminal,AppGallery 搜索页为动态渲染页面，需人工或浏览器复核; License 不明确; 应用市场页面缺少源码仓库线索,filtered: missing source repository link
AppGallery,HarmonyOS PC Qt,AppGallery search: HarmonyOS PC Qt,,https://appgallery.huawei.com/search/HarmonyOS+PC+Qt,,,https://appgallery.huawei.com/search/HarmonyOS+PC+Qt,,,文本明确命中鸿蒙 PC 关键词: harmonyos pc; 应用市场可安装线索: https://appgallery.huawei.com/search/HarmonyOS+PC+Qt,AppGallery 来源页面可访问: https://appgallery.huawei.com/search/HarmonyOS+PC+Qt,AppGallery 搜索页为动态渲染页面，需人工或浏览器复核; License 不明确; 应用市场页面缺少源码仓库线索,filtered: missing source repository link
AppGallery,HarmonyOS PC Electron,AppGallery search: HarmonyOS PC Electron,,https://appgallery.huawei.com/search/HarmonyOS+PC+Electron,,,https://appgallery.huawei.com/search/HarmonyOS+PC+Electron,,,文本明确命中鸿蒙 PC 关键词: harmonyos pc; 应用市场可安装线索: https://appgallery.huawei.com/search/HarmonyOS+PC+Electron,AppGallery 来源页面可访问: https://appgallery.huawei.com/search/HarmonyOS+PC+Electron,AppGallery 搜索页为动态渲染页面，需人工或浏览器复核; License 不明确; 应用市场页面缺少源码仓库线索,filtered: missing source repository link
AppGallery,HarmonyOS PC DevEco,AppGallery search: HarmonyOS PC DevEco,,https://appgallery.huawei.com/search/HarmonyOS+PC+DevEco,,,https://appgallery.huawei.com/search/HarmonyOS+PC+DevEco,,,文本明确命中鸿蒙 PC 关键词: harmonyos pc; 发现鸿蒙相关构建/工程线索: DevEco; 应用市场可安装线索: https://appgallery.huawei.com/search/HarmonyOS+PC+DevEco,AppGallery 来源页面可访问: https://appgallery.huawei.com/search/HarmonyOS+PC+DevEco,AppGallery 搜索页为动态渲染页面，需人工或浏览器复核; License 不明确; 应用市场页面缺少源码仓库线索,filtered: missing source repository link
AppGallery,HarmonyOS PC hvigor,AppGallery search: HarmonyOS PC hvigor,,https://appgallery.huawei.com/search/HarmonyOS+PC+hvigor,,,https://appgallery.huawei.com/search/HarmonyOS+PC+hvigor,,,文本明确命中鸿蒙 PC 关键词: harmonyos pc; 发现鸿蒙相关构建/工程线索: hvigor; 应用市场可安装线索: https://appgallery.huawei.com/search/HarmonyOS+PC+hvigor,AppGallery 来源页面可访问: https://appgallery.huawei.com/search/HarmonyOS+PC+hvigor,AppGallery 搜索页为动态渲染页面，需人工或浏览器复核; License 不明确; 应用市场页面缺少源码仓库线索,filtered: missing source repository link
AppGallery,HarmonyOS PC HAP,AppGallery search: HarmonyOS PC HAP,,https://appgallery.huawei.com/search/HarmonyOS+PC+HAP,,,https://appgallery.huawei.com/search/HarmonyOS+PC+HAP,,,文本明确命中鸿蒙 PC 关键词: harmonyos pc; 发现 HAP 安装包或 HAP 安装线索; 应用市场可安装线索: https://appgallery.huawei.com/search/HarmonyOS+PC+HAP,AppGallery 来源页面可访问: https://appgallery.huawei.com/search/HarmonyOS+PC+HAP,AppGallery 搜索页为动态渲染页面，需人工或浏览器复核; License 不明确; 应用市场页面缺少源码仓库线索,filtered: missing source repository link
AppGallery,HarmonyOS Computer terminal,AppGallery search: HarmonyOS Computer terminal,,https://appgallery.huawei.com/search/HarmonyOS+Computer+terminal,,,https://appgallery.huawei.com/search/HarmonyOS+Computer+terminal,,,文本明确命中鸿蒙 PC 关键词: harmonyos computer; 应用市场可安装线索: https://appgallery.huawei.com/search/HarmonyOS+Computer+terminal,AppGallery 来源页面可访问: https://appgallery.huawei.com/search/HarmonyOS+Computer+terminal,AppGallery 搜索页为动态渲染页面，需人工或浏览器复核; License 不明确; 应用市场页面缺少源码仓库线索,filtered: missing source repository link
AppGallery,OpenHarmony PC Qt,AppGallery search: OpenHarmony PC Qt,,https://appgallery.huawei.com/search/OpenHarmony+PC+Qt,,,https://appgallery.huawei.com/search/OpenHarmony+PC+Qt,,,文本明确命中鸿蒙 PC 关键词: openharmony pc; 应用市场可安装线索: https://appgallery.huawei.com/search/OpenHarmony+PC+Qt,AppGallery 来源页面可访问: https://appgallery.huawei.com/search/OpenHarmony+PC+Qt,AppGallery 搜索页为动态渲染页面，需人工或浏览器复核; License 不明确; 应用市场页面缺少源码仓库线索,filtered: missing source repository link
AppGallery,OpenHarmony PC Electron,AppGallery search: OpenHarmony PC Electron,,https://appgallery.huawei.com/search/OpenHarmony+PC+Electron,,,https://appgallery.huawei.com/search/OpenHarmony+PC+Electron,,,文本明确命中鸿蒙 PC 关键词: openharmony pc; 应用市场可安装线索: https://appgallery.huawei.com/search/OpenHarmony+PC+Electron,AppGallery 来源页面可访问: https://appgallery.huawei.com/search/OpenHarmony+PC+Electron,AppGallery 搜索页为动态渲染页面，需人工或浏览器复核; License 不明确; 应用市场页面缺少源码仓库线索,filtered: missing source repository link
AppGallery,"""HarmonyOS PC""","AppGallery search: ""HarmonyOS PC""",,https://appgallery.huawei.com/search/%22HarmonyOS+PC%22,,,https://appgallery.huawei.com/search/%22HarmonyOS+PC%22,,,文本明确命中鸿蒙 PC 关键词: harmonyos pc; 应用市场可安装线索: https://appgallery.huawei.com/search/%22HarmonyOS+PC%22,AppGallery 来源页面可访问: https://appgallery.huawei.com/search/%22HarmonyOS+PC%22,AppGallery 搜索页为动态渲染页面，需人工或浏览器复核; License 不明确; 应用市场页面缺少源码仓库线索,filtered: missing source repository link
AppGallery,"""HarmonyOS Computer""","AppGallery search: ""HarmonyOS Computer""",,https://appgallery.huawei.com/search/%22HarmonyOS+Computer%22,,,https://appgallery.huawei.com/search/%22HarmonyOS+Computer%22,,,文本明确命中鸿蒙 PC 关键词: harmonyos computer; 应用市场可安装线索: https://appgallery.huawei.com/search/%22HarmonyOS+Computer%22,AppGallery 来源页面可访问: https://appgallery.huawei.com/search/%22HarmonyOS+Computer%22,AppGallery 搜索页为动态渲染页面，需人工或浏览器复核; License 不明确; 应用市场页面缺少源码仓库线索,filtered: missing source repository link
AppGallery,"""HarmonyOS NEXT PC""","AppGallery search: ""HarmonyOS NEXT PC""",,https://appgallery.huawei.com/search/%22HarmonyOS+NEXT+PC%22,,,https://appgallery.huawei.com/search/%22HarmonyOS+NEXT+PC%22,,,文本明确命中鸿蒙 PC 关键词: harmonyos next pc; 应用市场可安装线索: https://appgallery.huawei.com/search/%22HarmonyOS+NEXT+PC%22,AppGallery 来源页面可访问: https://appgallery.huawei.com/search/%22HarmonyOS+NEXT+PC%22,AppGallery 搜索页为动态渲染页面，需人工或浏览器复核; License 不明确; 应用市场页面缺少源码仓库线索,filtered: missing source repository link
AppGallery,"""OpenHarmony PC""","AppGallery search: ""OpenHarmony PC""",,https://appgallery.huawei.com/search/%22OpenHarmony+PC%22,,,https://appgallery.huawei.com/search/%22OpenHarmony+PC%22,,,文本明确命中鸿蒙 PC 关键词: openharmony pc; 应用市场可安装线索: https://appgallery.huawei.com/search/%22OpenHarmony+PC%22,AppGallery 来源页面可访问: https://appgallery.huawei.com/search/%22OpenHarmony+PC%22,AppGallery 搜索页为动态渲染页面，需人工或浏览器复核; License 不明确; 应用市场页面缺少源码仓库线索,filtered: missing source repository link
AppGallery,"""OpenHarmony desktop""","AppGallery search: ""OpenHarmony desktop""",,https://appgallery.huawei.com/search/%22OpenHarmony+desktop%22,,,https://appgallery.huawei.com/search/%22OpenHarmony+desktop%22,,,文本明确命中鸿蒙 PC 关键词: openharmony desktop; 应用市场可安装线索: https://appgallery.huawei.com/search/%22OpenHarmony+desktop%22,AppGallery 来源页面可访问: https://appgallery.huawei.com/search/%22OpenHarmony+desktop%22,AppGallery 搜索页为动态渲染页面，需人工或浏览器复核; License 不明确; 应用市场页面缺少源码仓库线索,filtered: missing source repository link
AppGallery,"""鸿蒙 PC""","AppGallery search: ""鸿蒙 PC""",,https://appgallery.huawei.com/search/%22%E9%B8%BF%E8%92%99+PC%22,,,https://appgallery.huawei.com/search/%22%E9%B8%BF%E8%92%99+PC%22,,,文本明确命中鸿蒙 PC 关键词: 鸿蒙 pc; 应用市场可安装线索: https://appgallery.huawei.com/search/%22%E9%B8%BF%E8%92%99+PC%22,AppGallery 来源页面可访问: https://appgallery.huawei.com/search/%22%E9%B8%BF%E8%92%99+PC%22,AppGallery 搜索页为动态渲染页面，需人工或浏览器复核; License 不明确; 应用市场页面缺少源码仓库线索,filtered: missing source repository link
AppGallery,"""鸿蒙PC""","AppGallery search: ""鸿蒙PC""",,https://appgallery.huawei.com/search/%22%E9%B8%BF%E8%92%99PC%22,,,https://appgallery.huawei.com/search/%22%E9%B8%BF%E8%92%99PC%22,,,文本明确命中鸿蒙 PC 关键词: 鸿蒙pc; 应用市场可安装线索: https://appgallery.huawei.com/search/%22%E9%B8%BF%E8%92%99PC%22,AppGallery 来源页面可访问: https://appgallery.huawei.com/search/%22%E9%B8%BF%E8%92%99PC%22,AppGallery 搜索页为动态渲染页面，需人工或浏览器复核; License 不明确; 应用市场页面缺少源码仓库线索,filtered: missing source repository link
AppGallery,"""鸿蒙电脑""","AppGallery search: ""鸿蒙电脑""",,https://appgallery.huawei.com/search/%22%E9%B8%BF%E8%92%99%E7%94%B5%E8%84%91%22,,,https://appgallery.huawei.com/search/%22%E9%B8%BF%E8%92%99%E7%94%B5%E8%84%91%22,,,文本明确命中鸿蒙 PC 关键词: 鸿蒙电脑; 应用市场可安装线索: https://appgallery.huawei.com/search/%22%E9%B8%BF%E8%92%99%E7%94%B5%E8%84%91%22,AppGallery 来源页面可访问: https://appgallery.huawei.com/search/%22%E9%B8%BF%E8%92%99%E7%94%B5%E8%84%91%22,AppGallery 搜索页为动态渲染页面，需人工或浏览器复核; License 不明确; 应用市场页面缺少源码仓库线索,filtered: missing source repository link
AppGallery,"""鸿蒙桌面""","AppGallery search: ""鸿蒙桌面""",,https://appgallery.huawei.com/search/%22%E9%B8%BF%E8%92%99%E6%A1%8C%E9%9D%A2%22,,,https://appgallery.huawei.com/search/%22%E9%B8%BF%E8%92%99%E6%A1%8C%E9%9D%A2%22,,,文本明确命中鸿蒙 PC 关键词: 鸿蒙桌面; 应用市场可安装线索: https://appgallery.huawei.com/search/%22%E9%B8%BF%E8%92%99%E6%A1%8C%E9%9D%A2%22,AppGallery 来源页面可访问: https://appgallery.huawei.com/search/%22%E9%B8%BF%E8%92%99%E6%A1%8C%E9%9D%A2%22,AppGallery 搜索页为动态渲染页面，需人工或浏览器复核; License 不明确; 应用市场页面缺少源码仓库线索,filtered: missing source repository link
AppGallery,"""Qt for HarmonyOS""","AppGallery search: ""Qt for HarmonyOS""",,https://appgallery.huawei.com/search/%22Qt+for+HarmonyOS%22,,,https://appgallery.huawei.com/search/%22Qt+for+HarmonyOS%22,,,发现鸿蒙相关构建/工程线索: Qt for HarmonyOS; 发现 Qt/Electron for HarmonyOS/OpenHarmony 构建说明; 应用市场可安装线索: https://appgallery.huawei.com/search/%22Qt+for+HarmonyOS%22,AppGallery 来源页面可访问: https://appgallery.huawei.com/search/%22Qt+for+HarmonyOS%22,AppGallery 搜索页为动态渲染页面，需人工或浏览器复核; License 不明确; 缺少明确 PC 运行证据; 应用市场页面缺少源码仓库线索,filtered: missing source repository link
AppGallery,"""Qt for OpenHarmony""","AppGallery search: ""Qt for OpenHarmony""",,https://appgallery.huawei.com/search/%22Qt+for+OpenHarmony%22,,,https://appgallery.huawei.com/search/%22Qt+for+OpenHarmony%22,,,发现鸿蒙相关构建/工程线索: Qt for HarmonyOS; 发现 Qt/Electron for HarmonyOS/OpenHarmony 构建说明; 应用市场可安装线索: https://appgallery.huawei.com/search/%22Qt+for+OpenHarmony%22,AppGallery 来源页面可访问: https://appgallery.huawei.com/search/%22Qt+for+OpenHarmony%22,AppGallery 搜索页为动态渲染页面，需人工或浏览器复核; License 不明确; 缺少明确 PC 运行证据; 应用市场页面缺少源码仓库线索,filtered: missing source repository link
AppGallery,"""Electron for HarmonyOS""","AppGallery search: ""Electron for HarmonyOS""",,https://appgallery.huawei.com/search/%22Electron+for+HarmonyOS%22,,,https://appgallery.huawei.com/search/%22Electron+for+HarmonyOS%22,,,发现鸿蒙相关构建/工程线索: Electron for HarmonyOS; 发现 Qt/Electron for HarmonyOS/OpenHarmony 构建说明; 应用市场可安装线索: https://appgallery.huawei.com/search/%22Electron+for+HarmonyOS%22,AppGallery 来源页面可访问: https://appgallery.huawei.com/search/%22Electron+for+HarmonyOS%22,AppGallery 搜索页为动态渲染页面，需人工或浏览器复核; License 不明确; 缺少明确 PC 运行证据; 应用市场页面缺少源码仓库线索,filtered: missing source repository link
AppGallery,"""Electron for OpenHarmony""","AppGallery search: ""Electron for OpenHarmony""",,https://appgallery.huawei.com/search/%22Electron+for+OpenHarmony%22,,,https://appgallery.huawei.com/search/%22Electron+for+OpenHarmony%22,,,发现鸿蒙相关构建/工程线索: Electron for HarmonyOS; 发现 Qt/Electron for HarmonyOS/OpenHarmony 构建说明; 应用市场可安装线索: https://appgallery.huawei.com/search/%22Electron+for+OpenHarmony%22,AppGallery 来源页面可访问: https://appgallery.huawei.com/search/%22Electron+for+OpenHarmony%22,AppGallery 搜索页为动态渲染页面，需人工或浏览器复核; License 不明确; 缺少明确 PC 运行证据; 应用市场页面缺少源码仓库线索,filtered: missing source repository link
AppGallery,HarmonyOS DevEco hvigor,AppGallery search: HarmonyOS DevEco hvigor,,https://appgallery.huawei.com/search/HarmonyOS+DevEco+hvigor,,,https://appgallery.huawei.com/search/HarmonyOS+DevEco+hvigor,,,"发现鸿蒙相关构建/工程线索: DevEco, hvigor",AppGallery 来源页面可访问: https://appgallery.huawei.com/search/HarmonyOS+DevEco+hvigor,AppGallery 搜索页为动态渲染页面，需人工或浏览器复核; License 不明确; 缺少明确 PC 运行证据; 应用市场页面缺少源码仓库线索,filtered: missing source repository link
AppGallery,OpenHarmony DevEco hvigor,AppGallery search: OpenHarmony DevEco hvigor,,https://appgallery.huawei.com/search/OpenHarmony+DevEco+hvigor,,,https://appgallery.huawei.com/search/OpenHarmony+DevEco+hvigor,,,"发现鸿蒙相关构建/工程线索: DevEco, hvigor",AppGallery 来源页面可访问: https://appgallery.huawei.com/search/OpenHarmony+DevEco+hvigor,AppGallery 搜索页为动态渲染页面，需人工或浏览器复核; License 不明确; 缺少明确 PC 运行证据; 应用市场页面缺少源码仓库线索,filtered: missing source repository link
AppGallery,HarmonyOS ArkTS desktop,AppGallery search: HarmonyOS ArkTS desktop,,https://appgallery.huawei.com/search/HarmonyOS+ArkTS+desktop,,,https://appgallery.huawei.com/search/HarmonyOS+ArkTS+desktop,,,发现鸿蒙相关构建/工程线索: ArkTS; 应用市场可安装线索: https://appgallery.huawei.com/search/HarmonyOS+ArkTS+desktop,AppGallery 来源页面可访问: https://appgallery.huawei.com/search/HarmonyOS+ArkTS+desktop,AppGallery 搜索页为动态渲染页面，需人工或浏览器复核; License 不明确; 缺少明确 PC 运行证据; 应用市场页面缺少源码仓库线索,filtered: missing source repository link
AppGallery,OpenHarmony ArkTS desktop,AppGallery search: OpenHarmony ArkTS desktop,,https://appgallery.huawei.com/search/OpenHarmony+ArkTS+desktop,,,https://appgallery.huawei.com/search/OpenHarmony+ArkTS+desktop,,,发现鸿蒙相关构建/工程线索: ArkTS; 应用市场可安装线索: https://appgallery.huawei.com/search/OpenHarmony+ArkTS+desktop,AppGallery 来源页面可访问: https://appgallery.huawei.com/search/OpenHarmony+ArkTS+desktop,AppGallery 搜索页为动态渲染页面，需人工或浏览器复核; License 不明确; 缺少明确 PC 运行证据; 应用市场页面缺少源码仓库线索,filtered: missing source repository link
AppGallery,OpenHarmony HAP PC,AppGallery search: OpenHarmony HAP PC,,https://appgallery.huawei.com/search/OpenHarmony+HAP+PC,,,https://appgallery.huawei.com/search/OpenHarmony+HAP+PC,,,发现 HAP 安装包或 HAP 安装线索; 应用市场可安装线索: https://appgallery.huawei.com/search/OpenHarmony+HAP+PC,AppGallery 来源页面可访问: https://appgallery.huawei.com/search/OpenHarmony+HAP+PC,AppGallery 搜索页为动态渲染页面，需人工或浏览器复核; License 不明确; 缺少明确 PC 运行证据; 应用市场页面缺少源码仓库线索,filtered: missing source repository link
AppGallery,ohos desktop,AppGallery search: ohos desktop,,https://appgallery.huawei.com/search/ohos+desktop,,,https://appgallery.huawei.com/search/ohos+desktop,,,,AppGallery 来源页面可访问: https://appgallery.huawei.com/search/ohos+desktop,AppGallery 搜索页为动态渲染页面，需人工或浏览器复核; License 不明确; 缺少明确 PC 运行证据; 应用市场页面缺少源码仓库线索,filtered: missing source repository link
AppGallery,ohos pc,AppGallery search: ohos pc,,https://appgallery.huawei.com/search/ohos+pc,,,https://appgallery.huawei.com/search/ohos+pc,,,,AppGallery 来源页面可访问: https://appgallery.huawei.com/search/ohos+pc,AppGallery 搜索页为动态渲染页面，需人工或浏览器复核; License 不明确; 缺少明确 PC 运行证据; 应用市场页面缺少源码仓库线索,filtered: missing source repository link
AppGallery,oh-package.json5 HarmonyOS,AppGallery search: oh-package.json5 HarmonyOS,,https://appgallery.huawei.com/search/oh-package.json5+HarmonyOS,,,https://appgallery.huawei.com/search/oh-package.json5+HarmonyOS,,,发现鸿蒙相关构建/工程线索: npm,AppGallery 来源页面可访问: https://appgallery.huawei.com/search/oh-package.json5+HarmonyOS,AppGallery 搜索页为动态渲染页面，需人工或浏览器复核; License 不明确; 缺少明确 PC 运行证据; 应用市场页面缺少源码仓库线索,filtered: missing source repository link
AppGallery,hvigorfile HarmonyOS,AppGallery search: hvigorfile HarmonyOS,,https://appgallery.huawei.com/search/hvigorfile+HarmonyOS,,,https://appgallery.huawei.com/search/hvigorfile+HarmonyOS,,,发现鸿蒙相关构建/工程线索: hvigor,AppGallery 来源页面可访问: https://appgallery.huawei.com/search/hvigorfile+HarmonyOS,AppGallery 搜索页为动态渲染页面，需人工或浏览器复核; License 不明确; 缺少明确 PC 运行证据; 应用市场页面缺少源码仓库线索,filtered: missing source repository link
AppGallery,entry/src/main/ets HarmonyOS,AppGallery search: entry/src/main/ets HarmonyOS,,https://appgallery.huawei.com/search/entry%2Fsrc%2Fmain%2Fets+HarmonyOS,,,https://appgallery.huawei.com/search/entry%2Fsrc%2Fmain%2Fets+HarmonyOS,,,发现鸿蒙相关构建/工程线索: ArkTS,AppGallery 来源页面可访问: https://appgallery.huawei.com/search/entry%2Fsrc%2Fmain%2Fets+HarmonyOS,AppGallery 搜索页为动态渲染页面，需人工或浏览器复核; License 不明确; 缺少明确 PC 运行证据; 应用市场页面缺少源码仓库线索,filtered: missing source repository link
